{"test_score": 0.9951690821256038, "_timestamp": 1682941122.9943964, "_runtime": 133.11285734176636, "_step": 377, "_wandb": {"runtime": 131}}