{"opr": "check_zero", "test_score": 0.7257575757575757, "_timestamp": 1682937655.4064016, "_runtime": 634.9515995979309, "_step": 21}