{"opr": "check_zero", "test_score": 0.9951690821256038, "_timestamp": 1682936120.272203, "_runtime": 206.14088606834412, "_step": 324}