{"test_score": 0.9951690821256038, "_timestamp": 1682940826.9092822, "_runtime": 33.349953174591064, "_step": 53, "_wandb": {"runtime": 31}}