{"opr": "check_zero", "test_score": 0.7439613526570048, "_timestamp": 1682939445.7647965, "_runtime": 17.795108556747437, "_step": 2}