{"opr": "check_zero", "test_score": 0.9951690821256038, "_timestamp": 1682936857.3485951, "_runtime": 115.91395807266235, "_step": 324}