{"test_score": 0.9951690821256038, "_timestamp": 1682939998.7654984, "_runtime": 166.60612440109253, "_step": 107, "opr": "check_zero", "_wandb": {"runtime": 160}}