{"opr": "check_zero", "test_score": 0.9951690821256038, "_timestamp": 1682939657.538965, "_runtime": 114.88338804244995, "_step": 323}