{"test_score": 0.9855072463768116, "_timestamp": 1682941802.3630846, "_runtime": 118.36288356781006, "_step": 159}